Name,Brewery,Price,Rating,ABV,Style,Image_File,URL,OCR_Text
Catch the Light,Track Brewing Company,9.63,4.42,8.4%,IPA - Imperial / Double Milkshake,beer-images.beerizer.com%2Fraw%2F96%2F40%2F405936.png,"=HYPERLINK(""https://beerizer.com/shop/hopincraftbier/catch-the-light--405936"", ""Beer Page"")",ae:
Sainte Odile Vinaigre de Sang Bleu,Little Beasts Brewing,15.0,3.68,5%,Farmhouse Ale - Bière de Garde,beer-images.beerizer.com%2Fraw%2F8%2F41%2F419554.jpg,"=HYPERLINK(""https://beerizer.com/shop/etre_gourmet/sainte-odile-vinaigre-de-sang-bleu--419554"", ""Beer Page"")",
Child Labor,Bereta Brewing Co.,4.2,3.82,8%,IPA - Imperial / Double New England / Hazy,assets.untappd.com%2Fsite%2Fbeer_logos%2Fbeer-6156519_b1ff2_sm.jpeg,"=HYPERLINK(""https://beerizer.com/shop/bereta/child-labor--397268"", ""Beer Page"")",
Vicaris Tripel,Brouwerij Dilewyns,2.95,3.55,8.5%,Belgian Tripel,beer-images.beerizer.com%2Fraw%2F27%2F4%2F41595.jpg,"=HYPERLINK(""https://beerizer.com/shop/speciaalbierpakket/vicaris-tripel--41595"", ""Beer Page"")",
Timmermans Lambicus Blanche,Brewery John Martin & Brewery Timmermans,2.45,3.47,4.5%,Lambic - Traditional,beer-images.beerizer.com%2Fraw%2F27%2F35%2F356238.jpg,"=HYPERLINK(""https://beerizer.com/shop/speciaalbierpakket/timmermans-lambicus-blanche--356238"", ""Beer Page"")",
Nikl weiße Eule Hefeweißbier,Nikl-Bräu Pretzfeld,2.1,3.62,5.5%,Wheat Beer - Hefeweizen,beer-images.beerizer.com%2Fraw%2F59%2F10%2F101038.png,"=HYPERLINK(""https://beerizer.com/shop/hier_gibts_bier/nikl-weisse-eule-hefeweissbier--101038"", ""Beer Page"")",
Günther Hausbrauer Vollbier,Günther-Bräu,1.9,3.52,4.8%,Lager - Helles,beer-images.beerizer.com%2Fraw%2F59%2F15%2F155171.png,"=HYPERLINK(""https://beerizer.com/shop/hier_gibts_bier/gunther-hausbrauer-vollbier--155171"", ""Beer Page"")",
Nikl Michala Dunkel,Nikl-Bräu Pretzfeld,2.1,3.49,5.1%,Kellerbier / Zwickelbier,beer-images.beerizer.com%2Fraw%2F59%2F10%2F101201.png,"=HYPERLINK(""https://beerizer.com/shop/hier_gibts_bier/nikl-michala-dunkel--101201"", ""Beer Page"")",
Günther Lagerbier Bernstein,Günther-Bräu,1.9,3.44,4.9%,Lager - Amber / Red,beer-images.beerizer.com%2Fraw%2F59%2F28%2F281655.png,"=HYPERLINK(""https://beerizer.com/shop/hier_gibts_bier/gunther-lagerbier-bernstein--281655"", ""Beer Page"")",ee od -|
Aufsesser Wegseidla 1ohne,Privatbrauerei Rothenbach,1.9,3.41,4.9%,Lager - Helles,beer-images.beerizer.com%2Fraw%2F59%2F39%2F393377.png,"=HYPERLINK(""https://beerizer.com/shop/hier_gibts_bier/aufsesser-wegseidla-1ohne--393377"", ""Beer Page"")",
Held Dunkel,Held Bräu,1.9,3.28,5.3%,Lager - Munich Dunkel,beer-images.beerizer.com%2Fraw%2F59%2F10%2F101072.png,"=HYPERLINK(""https://beerizer.com/shop/hier_gibts_bier/held-dunkel--101072"", ""Beer Page"")",
XYAUYÚ FUMÉ – RISERVA 2019,BIRRIFICIO AGRICOLO BALADIN - Baladin Indipendente Italian Farm Brewery,39.5,4.59,14%,Barleywine - Other,beer-images.beerizer.com%2Fraw%2F87%2F41%2F415646.jpg,"=HYPERLINK(""https://beerizer.com/shop/hetbiermeisje/xyauyu-fume-riserva-2019--415646"", ""Beer Page"")",FUME
Patrick Bateman,Blood Brothers Brewing,19.5,4.39,13.5%,Stout - Imperial / Double Pastry,beer-images.beerizer.com%2Fraw%2F87%2F38%2F389555.jpg,"=HYPERLINK(""https://beerizer.com/shop/hetbiermeisje/patrick-bateman--389555"", ""Beer Page"")",
Hot Cakes #7,Pulfer Brewery,9.25,4.39,5.5%,Sour - Smoothie / Pastry,beer-images.beerizer.com%2Fraw%2F87%2F40%2F403803.jpg,"=HYPERLINK(""https://beerizer.com/shop/hetbiermeisje/hot-cakes-7--403803"", ""Beer Page"")","La
att"
Malus X Feminam (Cider Ice),Cold Hand Winery,39.95,4.39,19%,Cider - Ice,beer-images.beerizer.com%2Fraw%2F87%2F37%2F376239.jpg,"=HYPERLINK(""https://beerizer.com/shop/hetbiermeisje/malus-x-feminam-cider-ice--376239"", ""Beer Page"")",
Off the Rack Paragon 2023 by Rackhouse,LERVIG,29.95,4.37,13.5%,Barleywine - Other,beer-images.beerizer.com%2Fraw%2F87%2F37%2F375394.jpg,"=HYPERLINK(""https://beerizer.com/shop/hetbiermeisje/off-the-rack-paragon-2023-by-rackhouse--375394"", ""Beer Page"")",
Sacred,Bereta Brewing Co.,27.5,4.34,11.5%,Stout - Imperial / Double,beer-images.beerizer.com%2Fraw%2F87%2F38%2F381380.jpg,"=HYPERLINK(""https://beerizer.com/shop/hetbiermeisje/sacred--381380"", ""Beer Page"")",
Guava X Banana X Mango X Mandarin X Lemon X Vanilla Smoothie Sour,Ārpus Brewing Co.,6.75,4.33,5%,Sour - Smoothie / Pastry,beer-images.beerizer.com%2Fraw%2F87%2F41%2F414225.jpg,"=HYPERLINK(""https://beerizer.com/shop/hetbiermeisje/guava-x-banana-x-mango-x-mandarin-x-lemon-x-vanilla-smoothie-sour--414225"", ""Beer Page"")",
Triple Wicked Sceptre,Third Moon Brewing Company,12.0,4.31,10.5%,IPA - Triple New England / Hazy,beer-images.beerizer.com%2Fraw%2F87%2F40%2F404241.jpg,"=HYPERLINK(""https://beerizer.com/shop/hetbiermeisje/triple-wicked-sceptre--404241"", ""Beer Page"")",
Convergence,Ophiussa Brewing Co.,12.75,4.27,14%,Stout - Imperial / Double Coffee,beer-images.beerizer.com%2Fraw%2F87%2F39%2F392803.jpg,"=HYPERLINK(""https://beerizer.com/shop/hetbiermeisje/convergence--392803"", ""Beer Page"")",
2024 Barrel Aged Peated Barley Wine,DOT Brew,9.75,4.23,22%,Barleywine - Other,beer-images.beerizer.com%2Fraw%2F87%2F37%2F374527.jpg,"=HYPERLINK(""https://beerizer.com/shop/hetbiermeisje/2024-barrel-aged-peated-barley-wine--374527"", ""Beer Page"")",
Centaur Army 2024,Neon Raptor Brewing Co.,7.35,4.22,12%,Stout - Imperial / Double Pastry,beer-images.beerizer.com%2Fraw%2F87%2F39%2F394005.jpg,"=HYPERLINK(""https://beerizer.com/shop/hetbiermeisje/centaur-army-2024--394005"", ""Beer Page"")",
Maple X Coffee X Vanilla X Peanut Butter X Almond Imperial Stout,Ārpus Brewing Co.,7.0,4.21,11.5%,Stout - Imperial / Double Pastry,assets.untappd.com%2Fsite%2Fbeer_logos%2Fbeer-6178081_d6012_sm.jpeg,"=HYPERLINK(""https://beerizer.com/shop/hetbiermeisje/maple-x-coffee-x-vanilla-x-peanut-butter-x-almond-imperial-stout--401231"", ""Beer Page"")",
El Charro Negro,Pulfer Brewery,10.0,4.19,10.8%,Stout - Imperial / Double,beer-images.beerizer.com%2Fraw%2F87%2F38%2F389678.jpg,"=HYPERLINK(""https://beerizer.com/shop/hetbiermeisje/el-charro-negro--389678"", ""Beer Page"")",
BA Shadows,DOT Brew,8.75,4.17,16%,Barleywine - Other,beer-images.beerizer.com%2Fraw%2F87%2F37%2F374535.jpg,"=HYPERLINK(""https://beerizer.com/shop/hetbiermeisje/ba-shadows--374535"", ""Beer Page"")",
Will It Float #11,White Dog Brewery,7.8,4.17,6%,Sour - Smoothie / Pastry,beer-images.beerizer.com%2Fraw%2F87%2F38%2F389670.jpg,"=HYPERLINK(""https://beerizer.com/shop/hetbiermeisje/will-it-float-11--389670"", ""Beer Page"")",
Dessert In A Can Coconut Choc Chip Cookie,Amundsen Brewery,5.0,4.15,10.5%,Stout - Imperial / Double Pastry,assets.untappd.com%2Fsite%2Fbeer_logos%2Fbeer-3039370_ea88c_sm.jpeg,"=HYPERLINK(""https://beerizer.com/shop/hetbiermeisje/dessert-in-a-can-coconut-choc-chip-cookie--391555"", ""Beer Page"")",
Rosa,Ophiussa Brewing Co.,8.5,4.14,5%,Sour - Smoothie / Pastry,beer-images.beerizer.com%2Fraw%2F87%2F37%2F376852.jpg,"=HYPERLINK(""https://beerizer.com/shop/hetbiermeisje/rosa--376852"", ""Beer Page"")",
Arpus X Pinta Barrel Brewing Cognac Barrel Aged Vanilla Stout,Ārpus Brewing Co.,10.0,4.13,13%,Stout - Imperial / Double Pastry,beer-images.beerizer.com%2Fraw%2F87%2F40%2F401233.jpg,"=HYPERLINK(""https://beerizer.com/shop/hetbiermeisje/arpus-x-pinta-barrel-brewing-cognac-barrel-aged-vanilla-stout--401233"", ""Beer Page"")",
Arpus X Hoppy People Quintuple Dry Hopped Riwaka X Citra X Moutere X Motueka TIPA,Ārpus Brewing Co.,6.6,4.13,9.5%,IPA - Triple New England / Hazy,beer-images.beerizer.com%2Fraw%2F87%2F40%2F405414.jpg,"=HYPERLINK(""https://beerizer.com/shop/hetbiermeisje/arpus-x-hoppy-people-quintuple-dry-hopped-riwaka-x-citra-x-moutere-x-motueka-tipa--405414"", ""Beer Page"")",(
Double Fudge,Brouwerij Kees,15.0,4.12,20%,Bock - Eisbock,beer-images.beerizer.com%2Fraw%2F87%2F37%2F379694.jpg,"=HYPERLINK(""https://beerizer.com/shop/hetbiermeisje/double-fudge--379694"", ""Beer Page"")",
Dessert In A Can Chocolate & Hazelnut Crepe,Amundsen Brewery,5.0,4.11,10.5%,Stout - Imperial / Double Pastry,assets.untappd.com%2Fsite%2Fbeer_logos%2Fbeer-4240174_80791_sm.jpeg,"=HYPERLINK(""https://beerizer.com/shop/hetbiermeisje/dessert-in-a-can-chocolate-hazelnut-crepe--391554"", ""Beer Page"")",DESSERTINA GAR
Gelato: Mango Cheesecake,Funky Fluid,6.5,4.09,5.5%,Sour - Smoothie / Pastry,beer-images.beerizer.com%2Fraw%2F87%2F38%2F389877.jpg,"=HYPERLINK(""https://beerizer.com/shop/hetbiermeisje/gelato-mango-cheesecake--389877"", ""Beer Page"")",
Island Fusion,Fermenterarna,7.0,4.07,7%,Sour - Smoothie / Pastry,assets.untappd.com%2Fsite%2Fbeer_logos%2Fbeer-6064165_a6ed5_sm.jpeg,"=HYPERLINK(""https://beerizer.com/shop/hetbiermeisje/island-fusion--384210"", ""Beer Page"")",
King Krush,Seven Island Brewery,7.0,4.07,8%,IPA - Imperial / Double New England / Hazy,beer-images.beerizer.com%2Fraw%2F87%2F38%2F382737.jpg,"=HYPERLINK(""https://beerizer.com/shop/hetbiermeisje/king-krush--382737"", ""Beer Page"")",
Universal Blast,Seven Island Brewery,7.0,4.06,8%,IPA - Imperial / Double New England / Hazy,beer-images.beerizer.com%2Fraw%2F87%2F38%2F382736.jpg,"=HYPERLINK(""https://beerizer.com/shop/hetbiermeisje/universal-blast--382736"", ""Beer Page"")",
"Barista Series #1 (Brazilian Coffee, Roasted Peanuts & Hazelnuts)",Factory Brewing,8.25,4.05,10%,Stout - Imperial / Double Coffee,beer-images.beerizer.com%2Fraw%2F87%2F40%2F400207.jpg,"=HYPERLINK(""https://beerizer.com/shop/hetbiermeisje/barista-series-1-brazilian-coffee-roasted-peanuts-hazelnuts--400207"", ""Beer Page"")",Os
Barrel Aged Past Lords 2025,Third Moon Brewing Company,14.0,4.05,10.5%,Bock - Doppelbock,beer-images.beerizer.com%2Fraw%2F87%2F40%2F400222.jpg,"=HYPERLINK(""https://beerizer.com/shop/hetbiermeisje/barrel-aged-past-lords-2025--400222"", ""Beer Page"")",
Imperial Tonka Rush,Hop Hooligans,10.0,4.05,10.5%,Stout - Imperial / Double Coffee,beer-images.beerizer.com%2Fraw%2F87%2F40%2F402512.jpg,"=HYPERLINK(""https://beerizer.com/shop/hetbiermeisje/imperial-tonka-rush--402512"", ""Beer Page"")",
Dessert In A Can Peanut Butter & Coconut Cookies,Amundsen Brewery,5.0,3.99,10.5%,Stout - Imperial / Double Pastry,assets.untappd.com%2Fsite%2Fbeer_logos%2Fbeer-4240168_8c6b4_sm.jpeg,"=HYPERLINK(""https://beerizer.com/shop/hetbiermeisje/dessert-in-a-can-peanut-butter-coconut-cookies--391559"", ""Beer Page"")","Dkeeu

DESSERTINAGAN"
Wake the Riot,Black Rebel Brewing Company,6.5,3.93,6.5%,IPA - American,beer-images.beerizer.com%2Fraw%2F87%2F40%2F401135.jpg,"=HYPERLINK(""https://beerizer.com/shop/hetbiermeisje/wake-the-riot--401135"", ""Beer Page"")",ae
Doppler (Lager Tmave),Equilibrium Brewery,7.0,3.87,4.6%,Lager - Tmavé (Czech Dark),beer-images.beerizer.com%2Fraw%2F87%2F39%2F393713.jpg,"=HYPERLINK(""https://beerizer.com/shop/hetbiermeisje/doppler-lager-tmave--393713"", ""Beer Page"")",
Fieldburner (Lager Pre Prohibition),Tree House Brewing Company,18.0,3.83,5.5%,Lager - American Pre-Prohibition,beer-images.beerizer.com%2Fraw%2F87%2F37%2F373265.jpg,"=HYPERLINK(""https://beerizer.com/shop/hetbiermeisje/fieldburner-lager-pre-prohibition--373265"", ""Beer Page"")",
American Barleywine,Ārpus Brewing Co.,7.25,3.83,11.5%,Barleywine - American,beer-images.beerizer.com%2Fraw%2F87%2F39%2F396241.jpg,"=HYPERLINK(""https://beerizer.com/shop/hetbiermeisje/american-barleywine--396241"", ""Beer Page"")",
Dry Hopped Singles Club (Strata Edition),Bullhouse Brew Co,5.25,3.81,6.5%,Pale Ale - New England / Hazy,beer-images.beerizer.com%2Fraw%2F87%2F40%2F408050.jpg,"=HYPERLINK(""https://beerizer.com/shop/hetbiermeisje/dry-hopped-singles-club-strata-edition--408050"", ""Beer Page"")",
Undisclosed Desires,Brouwerij Kees,6.5,3.81,16%,Freeze-Distilled Beer,beer-images.beerizer.com%2Fraw%2F87%2F39%2F398160.jpg,"=HYPERLINK(""https://beerizer.com/shop/hetbiermeisje/undisclosed-desires--398160"", ""Beer Page"")",
Frog's Hollow Double Pumpkin Ale,Hoppin' Frog Brewery,8.5,3.8,8.4%,Pumpkin / Yam Beer,beer-images.beerizer.com%2Fraw%2F87%2F38%2F381801.jpg,"=HYPERLINK(""https://beerizer.com/shop/hetbiermeisje/frogs-hollow-double-pumpkin-ale--381801"", ""Beer Page"")",
Hedonism,Bad Manners Gypsy Brewing Co.,7.0,3.77,6.3%,IPA - New England / Hazy,beer-images.beerizer.com%2Fraw%2F87%2F40%2F401132.jpg,"=HYPERLINK(""https://beerizer.com/shop/hetbiermeisje/hedonism--401132"", ""Beer Page"")",
Imperial Cyder Harvest 293 (Cider Applewine),Aspall Cyder,8.5,3.75,8.2%,Cider - Applewine,beer-images.beerizer.com%2Fraw%2F87%2F37%2F376261.jpg,"=HYPERLINK(""https://beerizer.com/shop/hetbiermeisje/imperial-cyder-harvest-293-cider-applewine--376261"", ""Beer Page"")",
Rouge Allure (Sahti),UGAR Brewery,6.0,3.7,12%,Farmhouse Ale - Sahti,assets.untappd.com%2Fsite%2Fbeer_logos%2Fbeer-6067330_9144d_sm.jpeg,"=HYPERLINK(""https://beerizer.com/shop/hetbiermeisje/rouge-allure-sahti--389785"", ""Beer Page"")",
Azedo-Frutado! (Sour Catharina),Browar Trójmiejski Lubrow,5.1,3.61,4.9%,Sour - Catharina,beer-images.beerizer.com%2Fraw%2F87%2F40%2F402804.jpg,"=HYPERLINK(""https://beerizer.com/shop/hetbiermeisje/azedo-frutado-sour-catharina--402804"", ""Beer Page"")",
Wild Tree Hoppy Cider,BlakStoc,3.75,3.59,4.5%,Cider - Herbed / Spiced / Hopped,beer-images.beerizer.com%2Fraw%2F87%2F37%2F376262.jpg,"=HYPERLINK(""https://beerizer.com/shop/hetbiermeisje/wild-tree-hoppy-cider--376262"", ""Beer Page"")",
Bear Away (California Common),Eastside Brewing,3.85,3.52,5.8%,California Common,beer-images.beerizer.com%2Fraw%2F87%2F41%2F410262.jpg,"=HYPERLINK(""https://beerizer.com/shop/hetbiermeisje/bear-away-california-common--410262"", ""Beer Page"")",
Badlands Pils,Rascals Brewing Co,5.0,3.51,4.4%,Pilsner - Other,beer-images.beerizer.com%2Fraw%2F87%2F40%2F402514.jpg,"=HYPERLINK(""https://beerizer.com/shop/hetbiermeisje/badlands-pils--402514"", ""Beer Page"")",
Rotes Lager (Lager Rotbier),FUERST WIACEK,4.25,3.51,5%,Lager - Rotbier,assets.untappd.com%2Fsite%2Fbeer_logos%2Fbeer-6031114_217a7_sm.jpeg,"=HYPERLINK(""https://beerizer.com/shop/hetbiermeisje/rotes-lager-lager-rotbier--379624"", ""Beer Page"")",
Rukkirääk (Rye Beer),Põhjala,4.5,3.5,5.9%,Rye Beer,beer-images.beerizer.com%2Fraw%2F87%2F39%2F392838.jpg,"=HYPERLINK(""https://beerizer.com/shop/hetbiermeisje/rukkiraak-rye-beer--392838"", ""Beer Page"")","a
i

ul
"""
Old Ale (Mild Dark),Adnams,4.5,3.48,4.1%,Mild - Dark,beer-images.beerizer.com%2Fraw%2F87%2F37%2F374158.jpg,"=HYPERLINK(""https://beerizer.com/shop/hetbiermeisje/old-ale-mild-dark--374158"", ""Beer Page"")",
Kreeftwerk (Lichtenhainer),De Kromme Haring/ Wilder Wald,6.0,3.47,4.2%,Historical Beer - Lichtenhainer,beer-images.beerizer.com%2Fraw%2F87%2F38%2F384220.jpg,"=HYPERLINK(""https://beerizer.com/shop/hetbiermeisje/kreeftwerk-lichtenhainer--384220"", ""Beer Page"")",
Koejake Mango IPA,Bryggja Brewery,2.9,3.43,7.8%,IPA - American,untappd.akamaized.net%2Fsite%2Fbrewery_logos%2Fbrewery-35260_14191.jpeg,"=HYPERLINK(""https://beerizer.com/shop/hetbiermeisje/koejake-mango-ipa--379625"", ""Beer Page"")",Error: cannot identify image file 'beer_images/untappd.akamaized.net%2Fsite%2Fbrewery_logos%2Fbrewery-35260_14191.jpeg'
Spitsbergen Weissbier,Svalbard Bryggeri,4.5,3.41,5.5%,Wheat Beer - Hefeweizen,beer-images.beerizer.com%2Fraw%2F87%2F37%2F374150.jpg,"=HYPERLINK(""https://beerizer.com/shop/hetbiermeisje/spitsbergen-weissbier--374150"", ""Beer Page"")",
Bruks Bitter,O/O Brewing,3.0,3.34,3.9%,Bitter - Session / Ordinary,beer-images.beerizer.com%2Fraw%2F87%2F38%2F384088.jpg,"=HYPERLINK(""https://beerizer.com/shop/hetbiermeisje/bruks-bitter--384088"", ""Beer Page"")",
Cheeky Chap,Oslo Brewing Company,3.0,3.33,6.2%,IPA - English,beer-images.beerizer.com%2Fraw%2F87%2F39%2F390816.jpg,"=HYPERLINK(""https://beerizer.com/shop/hetbiermeisje/cheeky-chap--390816"", ""Beer Page"")",
Steam Beer (California Common),Oslo Brewing Company,3.95,3.31,5%,California Common,beer-images.beerizer.com%2Fraw%2F87%2F37%2F374129.jpg,"=HYPERLINK(""https://beerizer.com/shop/hetbiermeisje/steam-beer-california-common--374129"", ""Beer Page"")",
Pivot Pils,O/O Brewing,3.2,3.22,4.6%,Pilsner - Czech / Bohemian,beer-images.beerizer.com%2Fraw%2F87%2F38%2F384211.jpg,"=HYPERLINK(""https://beerizer.com/shop/hetbiermeisje/pivot-pils--384211"", ""Beer Page"")",
Venloosch Alt,Lindeboom,1.85,3.13,5.2%,Altbier - Traditional,beer-images.beerizer.com%2Fraw%2F87%2F39%2F392752.jpg,"=HYPERLINK(""https://beerizer.com/shop/hetbiermeisje/venloosch-alt--392752"", ""Beer Page"")",
Kirsene (Non Alcoholic Mead),Labietis,4.0,3.1,,Non-Alcoholic - Mead,beer-images.beerizer.com%2Fraw%2F87%2F40%2F400204.jpg,"=HYPERLINK(""https://beerizer.com/shop/hetbiermeisje/kirsene-non-alcoholic-mead--400204"", ""Beer Page"")",
Pure Bliss DIPA STRATA HBC 1019,Browar Stu Mostów,6.9,3.91,7.5%,IPA - Imperial / Double New England / Hazy,assets.untappd.com%2Fsite%2Fbeer_logos%2Fbeer-6223782_5c816_sm.jpeg,"=HYPERLINK(""https://beerizer.com/shop/bierothek/pure-bliss-dipa-strata-hbc-1019--410622"", ""Beer Page"")",
Golden Fog DIPA,Browar Stu Mostów,6.9,3.87,7.5%,IPA - Imperial / Double New England / Hazy,assets.untappd.com%2Fsite%2Fbeer_logos%2Fbeer-6215297_d311f_sm.jpeg,"=HYPERLINK(""https://beerizer.com/shop/bierothek/golden-fog-dipa--410623"", ""Beer Page"")",
IPA,Stone Brewing,2.5,3.74,6.9%,IPA - American,assets.untappd.com%2Fsite%2Fbeer_logos%2Fbeer-821_a4616_sm.jpeg,"=HYPERLINK(""https://beerizer.com/shop/bierothek/ipa--92251"", ""Beer Page"")",
Hopfenstopfer Comet IPA,Häffner Bräu - Hopfenstopfer,2.8,3.53,6.8%,IPA - American,assets.untappd.com%2Fsite%2Fbeer_logos%2Fbeer-323307_3fff8_sm.jpeg,"=HYPERLINK(""https://beerizer.com/shop/bierothek/hopfenstopfer-comet-ipa--219215"", ""Beer Page"")",
Nothelfer Vierzehnheiligener Lager,Alte Klosterbrauerei Vierzehnheiligen Brauerei Trunk,1.8,3.43,4.7%,Lager - Helles,assets.untappd.com%2Fsite%2Fbeer_logos%2Fbeer-880216_e6987_sm.jpeg,"=HYPERLINK(""https://beerizer.com/shop/bierothek/nothelfer-vierzehnheiligener-lager--295013"", ""Beer Page"")",
Lagerbier ungespundet,Brauerei Wagner Merkendorf,2.0,3.37,5.3%,Kellerbier / Zwickelbier,assets.untappd.com%2Fsite%2Fbeer_logos%2Fbeer-50166_67085_sm.jpeg,"=HYPERLINK(""https://beerizer.com/shop/bierothek/lagerbier-ungespundet--84375"", ""Beer Page"")",
BIRD OF PREY,Uiltje Brewing Company,3.0,3.3,0.2%,Non-Alcoholic - IPA,assets.untappd.com%2Fsite%2Fbeer_logos%2Fbeer-5648920_0edbf_sm.jpeg,"=HYPERLINK(""https://beerizer.com/shop/bierothek/bird-of-prey--341313"", ""Beer Page"")",
Sommer-Paket,Uiltje,12.9,,,,beerizer.com%2Fimg%2Fplaceholder%2Fbox_1.png,"=HYPERLINK(""https://beerizer.com/shop/bierothek/sommer-paket--344244"", ""Beer Page"")",
Hoods on Peregrine,Bereta Brewing Co.,8.21,3.97,10.7%,Stout - Imperial / Double Pastry,beer-images.beerizer.com%2Fraw%2F8%2F31%2F310715.jpg,"=HYPERLINK(""https://beerizer.com/shop/etre_gourmet/bereta-hoods-on-peregrine--310715"", ""Beer Page"")",
DDH Express Way,Trillium Brewing Company,15.0,4.15,7.2%,IPA - American,beer-images.beerizer.com%2Fraw%2F76%2F41%2F419484.png,"=HYPERLINK(""https://beerizer.com/shop/jbcraftdrinks/ddh-express-way--419484"", ""Beer Page"")",
Country Squire,Trillium Brewing Company,14.5,3.9,7%,IPA - American,beer-images.beerizer.com%2Fraw%2F76%2F41%2F419485.png,"=HYPERLINK(""https://beerizer.com/shop/jbcraftdrinks/country-squire--419485"", ""Beer Page"")",
Chill Out Sauce,Bereta Brewing Co.,6.87,4.13,3%,Sour - Smoothie / Pastry,beer-images.beerizer.com%2Fraw%2F8%2F41%2F419482.jpg,"=HYPERLINK(""https://beerizer.com/shop/etre_gourmet/bereta-chill-out-sauce--419482"", ""Beer Page"")",
Mango Panna Cotta,Bereta Brewing Co.,6.87,4.12,3.2%,Sour - Smoothie / Pastry,beer-images.beerizer.com%2Fraw%2F8%2F41%2F419480.jpg,"=HYPERLINK(""https://beerizer.com/shop/etre_gourmet/bereta-mango-panna-cotta--419480"", ""Beer Page"")",
Additional Info,Bereta Brewing Co.,5.96,4.11,6.7%,IPA - New England / Hazy,beer-images.beerizer.com%2Fraw%2F8%2F41%2F419483.jpg,"=HYPERLINK(""https://beerizer.com/shop/etre_gourmet/bereta-additional-info--419483"", ""Beer Page"")",
Late Santa,Bereta Brewing Co.,8.39,4.08,10%,Stout - Imperial / Double Pastry,beer-images.beerizer.com%2Fraw%2F8%2F41%2F419481.jpg,"=HYPERLINK(""https://beerizer.com/shop/etre_gourmet/bereta-late-santa--419481"", ""Beer Page"")",
Patch Notes,Bereta Brewing Co.,6.32,4.02,9.5%,IPA - Triple New England / Hazy,beer-images.beerizer.com%2Fraw%2F8%2F41%2F419478.jpg,"=HYPERLINK(""https://beerizer.com/shop/etre_gourmet/bereta-patch-notes--419478"", ""Beer Page"")",
Bramble Smasher,Holy Goat Brewing,8.71,3.9,5.8%,Sour - Fruited,beer-images.beerizer.com%2Fraw%2F8%2F41%2F419475.jpg,"=HYPERLINK(""https://beerizer.com/shop/etre_gourmet/holy-goat-bramble-smasher--419475"", ""Beer Page"")",
Rush Everything,Bereta Brewing Co.,5.96,3.78,6.4%,IPA - New England / Hazy,beer-images.beerizer.com%2Fraw%2F8%2F41%2F419477.jpg,"=HYPERLINK(""https://beerizer.com/shop/etre_gourmet/bereta-rush-everything--419477"", ""Beer Page"")",
Crimson Curse,Holy Goat Brewing,9.21,3.77,7.6%,Sour - Flanders Red Ale,beer-images.beerizer.com%2Fraw%2F8%2F41%2F419474.jpg,"=HYPERLINK(""https://beerizer.com/shop/etre_gourmet/holy-goat-crimson-curse--419474"", ""Beer Page"")",
No Matter the Season,Bereta Brewing Co.,6.32,,9.8%,IPA - Triple New England / Hazy,beer-images.beerizer.com%2Fraw%2F8%2F41%2F419479.jpg,"=HYPERLINK(""https://beerizer.com/shop/etre_gourmet/bereta-no-matter-the-season--419479"", ""Beer Page"")",
True Oasis,Bereta Brewing Co.,5.96,,8.3%,IPA - Imperial / Double New England / Hazy,beer-images.beerizer.com%2Fraw%2F8%2F41%2F419476.jpg,"=HYPERLINK(""https://beerizer.com/shop/etre_gourmet/bereta-true-oasis--419476"", ""Beer Page"")",
Bersalis Tripel OA 2021,Oud Beersel,8.51,3.59,10.5%,Belgian Tripel,beer-images.beerizer.com%2Fraw%2F8%2F41%2F419473.jpg,"=HYPERLINK(""https://beerizer.com/shop/etre_gourmet/oud-beersel-bersalis-tripel-oa-2021--419473"", ""Beer Page"")",
Flotzinger Hell,Flötzinger Bräu,4.1,3.49,5.2%,Lager - Helles,beer-images.beerizer.com%2Fraw%2F60%2F22%2F229473.png,"=HYPERLINK(""https://beerizer.com/shop/beermerchants/flotzinger-hell--229473"", ""Beer Page"")",
The 4 Elements: Fire,Moersleutel Craft Brewery,8.3,4.06,12%,Stout - Imperial / Double,beer-images.beerizer.com%2Fraw%2F69%2F41%2F419472.jpg,"=HYPERLINK(""https://beerizer.com/shop/gedeeldevreugde/the-4-elements-fire--419472"", ""Beer Page"")",
Ancient Engineering: Flint Sickle,Moersleutel Craft Brewery,8.3,3.91,11%,Barleywine - Other,beer-images.beerizer.com%2Fraw%2F69%2F41%2F419471.jpg,"=HYPERLINK(""https://beerizer.com/shop/gedeeldevreugde/ancient-engineering-flint-sickle--419471"", ""Beer Page"")",
Bright Lies | Kizárólag személyes átvétellel vagy azonnali budapesti szállítással rendelhető,Brew Your Mind,6.1,4.0,6.5%,IPA - New England / Hazy,assets.untappd.com%2Fsite%2Fbeer_logos%2Fbeer-2463379_38b68_sm.jpeg,"=HYPERLINK(""https://beerizer.com/shop/beerselection/brew-your-mind-bright-lies-kizarolag-szemelyes-atvetellel-vagy-azonnali-budapesti-szallitassal-rendelheto--142970"", ""Beer Page"")",
Vienna Lager | Kizárólag személyes átvétellel vagy azonnali budapesti szállítással rendelhető,Brew Your Mind,4.6,3.63,5.1%,Lager - Vienna,assets.untappd.com%2Fsite%2Fbeer_logos%2Fbeer-5281210_dbfe9_sm.jpeg,"=HYPERLINK(""https://beerizer.com/shop/beerselection/brew-your-mind-vienna-lager-kizarolag-szemelyes-atvetellel-vagy-azonnali-budapesti-szallitassal-rendelheto--411732"", ""Beer Page"")",
Woerden 1372,Brouwerij BorrelNoot,3.3,3.13,5.9%,Historical Beer - Kuit / Kuyt / Koyt,beer-images.beerizer.com%2Fraw%2F48%2F25%2F255971.jpg,"=HYPERLINK(""https://beerizer.com/shop/bierloods22/woerden-1372--255971"", ""Beer Page"")",
Anissa Bella - Pastis de Nice,Blue Coast Brewing Company,4.5,3.29,5.3%,Blonde / Golden Ale - Other,assets.untappd.com%2Fsite%2Fbeer_logos%2Fbeer-4265910_bbb8e_sm.jpeg,"=HYPERLINK(""https://beerizer.com/shop/bierothek/anissa-bella-pastis-de-nice--373532"", ""Beer Page"")",BLUE COAST
Europa Bierpaket,,32.9,,,,beerizer.com%2Fimg%2Fplaceholder%2Fbox_1.png,"=HYPERLINK(""https://beerizer.com/shop/bierothek/europa-bierpaket--85511"", ""Beer Page"")",
Parabolic Spiral,Grid Beer Project,19.4,3.9,5.5%,Pale Ale - New England / Hazy,beer-images.beerizer.com%2Fraw%2F21%2F41%2F419469.png,"=HYPERLINK(""https://beerizer.com/shop/premierhop/parabolic-spiral--419469"", ""Beer Page"")",
Wolverton Haze,Grid Beer Project,19.4,3.84,3.8%,IPA - Session,beer-images.beerizer.com%2Fraw%2F21%2F41%2F419470.png,"=HYPERLINK(""https://beerizer.com/shop/premierhop/wolverton-haze--419470"", ""Beer Page"")",
Good Idea,Grid Beer Project,19.4,3.72,4.8%,Fruit Beer,beer-images.beerizer.com%2Fraw%2F21%2F41%2F419468.png,"=HYPERLINK(""https://beerizer.com/shop/premierhop/good-idea--419468"", ""Beer Page"")",
Burst Into Bright,The Queer Brewing Project,6.1,3.73,6%,IPA - New England / Hazy,beer-images.beerizer.com%2Fraw%2F22%2F17%2F172988.jpg,"=HYPERLINK(""https://beerizer.com/shop/ghostwhale/burst-into-bright--172988"", ""Beer Page"")",
